usuario,puntuacion,fecha,titulo,texto_comentario,fecha_sistema
CORTES VARGAS MARIA DEL SOCORR,1,2025-12-19T10:17:55.000Z,Sin título,"He comprado un pack de canapé colchón y dos almohadas y solo me ha llegado el canapé. Luego en la app de Amazon me pone que pedido entregado al cliente,y no se encuentra la manera de reclamarle direct...Ver más",2025-12-22 00:22:41
JoseMa Ramon Poch,1,2025-12-17T19:39:13.000Z,Sin título,Atencion al cliente de amzon cuado no les interesa las criticas te cuegan el telefono una falta de educacion himpresionante.Una prepotencia total mejor utilizar otras plataformas de compra mas seguras...Ver más,2025-12-22 00:22:41
Inma Marin,1,2025-12-10T17:36:43.000Z,Sin título,"Soy prime desde hace años ,antes era facil contactar con amazon si tenias u. Problema ,ahora es imposible ni llamar ni q te llamen para una solucion , e oido q con temu es muy facil habra q probar a c...Ver más",2025-12-22 00:22:41
José Luis Romero Romero,1,2025-12-15T12:27:17.000Z,Sin título,"Suscripción activada por error
La suscripción para ver Prime Video sin anuncios se activa con un solo clic y sin confirmación en dos pasos. Me suscribí por error, no utilicé el servicio y aun así se...Ver más",2025-12-22 00:22:41
Antonio,3,2025-12-03T02:54:57.000Z,Sin título,"Yo no compro en Amazon. Prefiero las tiendas físicas donde puedo ver y tocar los productos. Pero mi hija sí compra mucho y después de algunas experiencias de tener que devolver los productos, debo adm...Ver más",2025-12-22 00:22:41
Alicia,1,2025-12-13T22:13:21.000Z,Sin título,Tenían que hacerme una devolución y nunca la hicieron. Decían que la habían hecho a la cuenta en vez de a la tarjeta y llevo tres meses pidiéndoles el ARN o el justificante de la devolución y nunca me...Ver más,2025-12-22 00:22:41
Mariluz Aramburu,1,2025-12-07T15:32:14.000Z,Sin título,"Les compre un radiador que me llegó en mal estafó con pinta de usado, vinieron a recogerlo el 24 de Noviembre, estamos a 8 de diciembre y después de 50 llamadas no me hacen el reembolso de 60 euros, m...Ver más",2025-12-22 00:22:41
Al R,1,2025-12-02T18:48:33.000Z,Sin título,"Intento comprar un producto. Me falla el pago por saldo insuficiente. Vuelvo a pedir el producto y pago con otra tarjeta. Me cancelan el pedido por actividad ""sospechosa"". Nadie me responde, nadie lo...Ver más",2025-12-22 00:22:41
David,1,2025-12-09T16:35:13.000Z,Sin título,"He comprado una tarjeta SD Kingston de 32 GB directamente en Amazon y ha fallado prematuramente, perdiendo todas mis fotos y vídeos. He sido derivado varias veces al fabricante y me han cerrado el c...Ver más",2025-12-22 00:22:41
Sofía Fondón,1,2025-12-12T15:05:04.000Z,Sin título,"Te dicen y se comprometen en Atención al Cliente por escrito y luego ellos mismos dicen que eso no es cierto, después de mil  mensajes mareando.  Pésima experiencia y servicio al cliente, engaño y pér...Ver más",2025-12-22 00:22:41
Teresa Díaz,1,2025-12-09T13:18:01.000Z,Sin título,"Me han cobrado por duplicado una compra y no hay manera de solucionarlo.  La persona que me atendió, me dice que no ve reflejado el cobro duplicado,  siendo que el monto me lo cobraron con uno o dos d...Ver más",2025-12-22 00:22:41
Victoria,1,2025-11-16T17:50:25.000Z,Sin título,"Amazon está entrando en su decandencia!!! Viendo una peli sale la pregunta saltar anuncio , aceptas y zas has comprado una suscripción por 1’99€ , dicha suscripción solo pueden anularla ellos y ya no...Ver más",2025-12-22 00:22:41
Women's Sports Photography Jos,1,2025-12-11T04:46:10.000Z,Sin título,Amazon discrimina y roba a las personas mayores. Son unos ladrones y unos estafadores. Piden que verifiquen su cuenta Amazon a los ancianos con su DNI. Después dicen que no aceptan los DNI de las per...Ver más,2025-12-22 00:22:41
JoseMa Ramon Poch,1,2025-12-16T18:20:55.000Z,Sin título,"Pongo una estrella,porque no puedo poner cero.
Mucho ojo con amazon filtra numeros de tarjetas a terceros,posibles estafas",2025-12-22 00:22:41
Dmtryck Again,1,2025-12-16T00:16:14.000Z,Sin título,"Compré una luz de emergencia que no funciona. Hice la devolución en un centro de recogida de Repsol y dicen no les ha llegado, que reclame en Repsol. Si sus centros de recogida no son fiables no es mi...Ver más",2025-12-22 00:22:41
Consumer,1,2025-11-29T09:02:43.000Z,Sin título,"Después de esperar un tiempo por la compra de un producto, mi sorpresa es que Amazon con toda su cara dura, me dice que yo he cancelado el producto que he comprado sin explicaciones de nada de nada,y...Ver más",2025-12-22 00:22:41
José manuel Costa Iglesias,1,2025-11-27T11:33:06.000Z,Sin título,"He comprado un horno Hisense en Diciembre del 2022, se avería en Septiembre del 2025, con lo que está en garantía, Hisense me remite vale de abono del producto, pero Amazon no me canjea ni horno ni me...Ver más",2025-12-22 00:22:41
Grupo Trabajo,1,2025-12-19T14:44:36.000Z,Sin título,"Mucho cuidado con las devoluciones. Ya llevo dos paquetes que aparecen como ""no devueltos"" cuando en realidad ya los han recibido ellos y además el seguimiento indica ""entregado""en el centro de devol...Ver más",2025-12-22 00:22:41
Ald Natural,1,2025-12-15T02:32:59.000Z,Sin título,"Cada día peor. Antes eran los mejores casi en todo, atención al cliente, rapidez, información, cumplidores, etc., etc. Hoy en día ya se han perdido casi todos estos valores que tenían.",2025-12-22 00:22:41
Pablo Arias-Argüello Pereira,1,2025-12-03T20:26:46.000Z,Sin título,"No entregan pedidos en el día indicado, y te lo retrasan tres días diciendo que si no lo recibes puedes solicitar el reembolso. De risa te pones en contacto con el servicio de atención al cliente y te...Ver más",2025-12-22 00:22:41
Albert,1,2025-12-15T22:49:08.000Z,Sin título,La atención al cliente de Amazón es horrorosa. Es imposible el contacto telefónico y la IA funciona muy deficientemente. Llevo 3 días intentando reportar un problema y no he recibido ninguna respuesta...Ver más,2025-12-22 00:22:41
Sergi Canalís Cobos,1,2025-12-11T23:19:27.000Z,Sin título,"No és el primer productor que compro en Amazon, però sí la primera vez que me realizan una entrega, sin llamar (según ellos lo hicieron pero no había nadie en casa -estaba mi hijo-), y resulta que l...Ver más",2025-12-22 00:22:41
melodia arcos diaz,1,2025-12-03T21:52:31.000Z,Sin título,"Ya es la segunda vez que hago un pedido con ellos y me dice que lo entregan un día , pasa una semana y ese paquete sigue sin llegar. Me meto en seguimiento y es que no se sabe ni dónde está. Son unos...Ver más",2025-12-22 00:22:41
customer,1,2025-11-27T20:55:19.000Z,Sin título,"Amazon se me ha quedado el dinero de un reembolso. Compré un artículo por 46,63€, todos los días dicen que van hacer la devolución y nunca lo hacen. Supuestamente por las incomodidades presentadas y e...Ver más",2025-12-22 00:22:41
TTN,1,2025-12-01T19:23:27.000Z,Sin título,"Compré un árbol de navidad a Amazon, repito yo compro a Amazon y pago a Amazon.
Días después, se cambia de opinión y se procede a devolver y me encuentro con la sorpresa que amazon me dice que en re...Ver más",2025-12-22 00:22:41
ROCIO ALBERTI,1,2025-12-02T09:27:11.000Z,Sin título,"AMAZON cada vez peor, incumplen los plazos, las garantías, te dejan paquetes en la entrada sin seguridad ninguna, el servicio de atención al cliente no soluciona nada, cuando les da la gana el reembol...Ver más",2025-12-22 00:22:41
Fernando Benjumea,1,2025-11-30T08:19:58.000Z,Sin título,"He devuelto un artículo en Amazon, un detector de metales que funcionaba mal. Recogieron el artículo a través de celeritas, de la cual tengo la justificación. Tras pasar más de 14 días sin obten...Ver más",2025-12-22 00:22:41
Loly Castillo,1,2025-12-03T22:08:42.000Z,Sin título,"Hice un pedido el 15 de noviembre y fue cancelado al instante. Llamé a atención al cliente e informé sobre ello.
Aún así me enviaron el pedido. 
No he aceptado el paquete obviamente porque yo lo ha...Ver más",2025-12-22 00:22:41
cesar gotor,1,2025-11-30T19:09:03.000Z,Sin título,"Porque no me deja poner 0 estrellas, los dos últimos pedidos, uno de ellos me lo mandan usado y defectuoso, llamé y me lo iban a recoger, de esto hace ya más de una semana.
Última compra, pagas un p...Ver más",2025-12-22 00:22:41
Cararil Lion,1,2025-12-12T14:33:37.000Z,Sin título,"He comprado un producto con el Blackfraide el 01 de diciembre.
Aún no lo he recibido porque pasan por la empresa PAACK, que no entregan nunca los pedidos.
Dicen que se ha perdido,🤣🤣🤣.
Al final...Ver más",2025-12-22 00:22:41
DOMINGO,2,2025-11-27T19:27:24.000Z,Sin título,Siempre estuve contento con la rapidez de entrega de Amazon pero ahora se les ha dado por implantar un sistema de solo entregar a una persona con la contraseña y a no poder cambiar la dirección de ent...Ver más,2025-12-22 00:22:41
Javi,1,2025-12-12T22:22:03.000Z,Sin título,"14 días esperando la devolución del dinero. 14 días hace que devolví el producto. Unos cuantos chats, unos cuantos emails pero nada de nada.

260,33€ que me deben estos sinvergüenzas de Amazon. Y...Ver más",2025-12-22 00:22:41
David,1,2025-12-18T19:54:18.000Z,Sin título,Desesperante. Llevo más de un mes para una devolución. Amazon ha bajado muchísimo la calidad en TODO. Y ya ni hablemos de comprar algo que no vendan ni envíen ellos. El servicio de atención al cliente...Ver más,2025-12-22 00:22:41
Fernando Jimenez,1,2025-12-04T00:44:23.000Z,Sin título,no tiene atencion al cliente solo inteligencia artificial y deja los paque sin entregar en mano . avandonados a su suerte en la entrada de los pisos a merced de cualquiera,2025-12-22 00:22:41
Pixi,1,2025-12-04T19:27:50.000Z,Sin título,Recibo un correo electrónico en el que se me indica que me hacen una compensación por las molestias ocasionadas en un envío pero dicha compensación no aparece en mi cuenta. Me pongo en contacto con at...Ver más,2025-12-22 00:22:41
Baldo Cano,1,2025-12-09T21:22:39.000Z,Sin título,"Las entregas están funcionando muy mal desde hace un mes, pedidos no entregados o perdidos por los transportistas ( Seur)",2025-12-22 00:22:41
User,1,2025-12-01T20:49:35.000Z,Sin título,"He comprado un TV, frigorífico, colchón… y más cosas pero quería que me lo entregasen todo el mismo día aunque tuviese que esperar porque vivo a más de 45km de donde es la entrega y no han cumplido, c...Ver más",2025-12-22 00:22:41
Francisco José Rodríguez,2,2025-12-09T23:54:29.000Z,Sin título,"Cuando el vendedor es Amazon propiamente dicho, la entrega funciona bastante bien. 
Pero cuando el vendedor es una empresa externa, la entrega funciona bastante mal.",2025-12-22 00:22:41
Free,1,2025-12-05T14:08:07.000Z,Sin título,"Pongo una, porque no puedo poner 0. Ayer 12 horas un paquete en reparto, llamo y me dicen que acaban de hablar con el mensajero y que me lo entrega en un momento. A las 22:30, vuelvo a llamar y me dic...Ver más",2025-12-22 00:22:41
Santiago López Rodriguez,3,2025-12-08T14:16:41.000Z,Sin título,"Hola, muchos productos no dan la opción de recoger en punto de recogida, esto ha hecho que no haga muchas compras que de otro modo si hubiera hecho. Saludos",2025-12-22 00:22:41
emilio,1,2025-12-04T20:42:26.000Z,Sin título,"Paquete en entrega desde el dia 1 , a saber que han enviado y donde, esta en reparto ya tres dias con direccion incorrecta, el vendedor ni se preocupa, amazon balones fuera, 10 dias del pedido y fina...Ver más",2025-12-22 00:22:41
gabriel godoy,1,2025-12-16T11:42:07.000Z,Sin título,"Esto se ha vuelto un fiasco , pago todos los servicios de amazon y no he recibido ninguno de los productos que he comprado y algunos se los ha quedado el transportista lo colocan como entregado y te r...Ver más",2025-12-22 00:22:41
Manuel Ramírez Madueño,1,2025-12-12T01:12:10.000Z,Sin título,"Amazon Prime y los paquetes tengo que buscarlos yo en el punto que ellos (Seur) ponen por no decir los reembolsos de 14 días que tengo ultimo desde día 3 y nada. Yo no le pagué en 14 días a ellos, par...Ver más",2025-12-22 00:22:41
RAQUEL,1,2025-11-26T14:35:22.000Z,Sin título,ME PONGO EN CONTACTO CON EL SERVICIO DE ATENCION AL CLIENTE DE AMAZON PARA PREGUNTAR SOBRE UN PRODUCTO QUE VENDE BASTANTE MAS CARO QUE UN VENDEDOR EXTERNO Y ME DICEN QUE INTETARAN EN 48 HORAS AJUSTAR...Ver más,2025-12-22 00:22:41
Julio Calderón,2,2025-12-18T19:53:53.000Z,Sin título,"Mienten con la fecha de entrega. Compré un par de artículos el 16/12 con fecha de entrega el 20/12, me indica que entregarán el 4 de Enero, he chateado con atención al cliente 2 veces, el primero par...Ver más",2025-12-22 00:22:41
Emar mar,1,2025-12-06T16:11:59.000Z,Sin título,"Esta empresa facilita datos particulares como el DNI a las empresas de mensajería. 
Sorprendentemente, si la entrega es directa de ellos no lo piden.
Eso es una ilegalidad que habrá que consultar a...Ver más",2025-12-22 00:22:41
la posada de hogsmeade,1,2025-12-13T14:46:05.000Z,Sin título,"realmente horrible para iniciar tu cuenta dios mio llevo 2 horas luchando con los correos que te mandan es imposible todo el rato verificación tras verificación 
y eso que era para entrar a linkedlin...Ver más",2025-12-22 00:22:41
Carlos Rubio,1,2025-12-10T13:50:33.000Z,Sin título,"Parece mentira que trabajen con correo express, me dicen que no había nadie en casa y no he salido en toda la mañana. Pero que atajo mentirosos, que la gente sepa cómo trabaja correo express.",2025-12-22 00:22:41
Vicente,1,2025-12-20T01:18:20.000Z,Sin título,"El otro día (10.12.25) compré dos camas en Amazon de la empresa Mattfy, y solo me trajeron una, diciéndome que con la otra había surgido una incidencia y que por el momento tenía que esperar hasta el...Ver más",2025-12-22 00:22:41
Faisal,1,2025-12-19T03:43:46.000Z,Sin título,"Marcar un pedido como “entregado” cuando no lo ha sido es una práctica vergonzosa y totalmente inaceptable. No estamos hablando de un retraso ni de un paquete perdido, sino de una mentira direct...Ver más",2025-12-22 00:22:41
Rafael Pérez,1,2025-12-20T23:21:08.000Z,Lo último que compré no venía lo que compre,Texto no disponible,2025-12-22 00:22:41
Vicente,1,2025-12-20T01:18:20.000Z,La atención al cliente es pésima no lo siguiente,Texto no disponible,2025-12-22 00:22:41
CORTES VARGAS MARIA DEL SOCORR,1,2025-12-19T10:17:55.000Z,Pedido incompleto,Texto no disponible,2025-12-22 00:22:41
Faisal,1,2025-12-19T03:43:46.000Z,Mentir sobre la entrega es engañar,Texto no disponible,2025-12-22 00:22:41
David,1,2025-12-18T19:54:18.000Z,Desesperante.Ineptos.,Texto no disponible,2025-12-22 00:22:41
Julio Calderón,2,2025-12-18T19:53:53.000Z,Mienten con la fecha de entrega,Texto no disponible,2025-12-22 00:22:41
Grupo Trabajo,1,2025-12-19T14:44:36.000Z,Mucho cuidado con las devoluciones,Texto no disponible,2025-12-22 00:22:41
Maca,5,2025-12-18T13:05:23.000Z,Cada vez compro menos en tiendas…,Texto no disponible,2025-12-22 00:22:41
JoseMa Ramon Poch,1,2025-12-17T19:39:13.000Z,Lo ultimo de atencion al cliente de amazon,Texto no disponible,2025-12-22 00:22:41
gabriel godoy,1,2025-12-16T11:42:07.000Z,Esto se ha vuelto un fiasco,Texto no disponible,2025-12-22 00:22:41
Gerard Bori Fernández,5,2025-12-16T02:51:48.000Z,Siempre perfecto,Texto no disponible,2025-12-22 00:22:41
Dmtryck Again,1,2025-12-16T00:16:14.000Z,Compré una luz de emergencia que no…,Texto no disponible,2025-12-22 00:22:41
Albert,1,2025-12-15T22:49:08.000Z,La atención al cliente de Amazón es muy deficiente,Texto no disponible,2025-12-22 00:22:41
José Luis Romero Romero,1,2025-12-15T12:27:17.000Z,Suscripción activada por error,Texto no disponible,2025-12-22 00:22:41
Javier Matellan Pérez,5,2025-12-15T10:08:59.000Z,La verdad que venden mucha basura,Texto no disponible,2025-12-22 00:22:41
Ald Natural,1,2025-12-15T02:32:59.000Z,"Cada día peor, Ya no son lo que eran",Texto no disponible,2025-12-22 00:22:41
Andy Mercedo Torna,2,2025-12-14T11:41:07.000Z,La etención al cliente es pésima,Texto no disponible,2025-12-22 00:22:41
Alicia,1,2025-12-13T22:13:21.000Z,"No me han ingresado una devolución, dicen que sí pero no me dan el justificante y en mi banco no está.",Texto no disponible,2025-12-22 00:22:41
Sandra Ballester Rosello,1,2025-12-13T21:43:32.000Z,incumplimiento plazos entrega,Texto no disponible,2025-12-22 00:22:41
la posada de hogsmeade,1,2025-12-13T14:46:05.000Z,realmente horrible para iniciar tu…,Texto no disponible,2025-12-22 00:22:41
CORTES VARGAS MARIA DEL SOCORR,1,2025-12-19T10:17:55.000Z,Sin título,"He comprado un pack de canapé colchón y dos almohadas y solo me ha llegado el canapé. Luego en la app de Amazon me pone que pedido entregado al cliente,y no se encuentra la manera de reclamarle direct...Ver más",2025-12-22 00:22:45
JoseMa Ramon Poch,1,2025-12-17T19:39:13.000Z,Sin título,Atencion al cliente de amzon cuado no les interesa las criticas te cuegan el telefono una falta de educacion himpresionante.Una prepotencia total mejor utilizar otras plataformas de compra mas seguras...Ver más,2025-12-22 00:22:45
Inma Marin,1,2025-12-10T17:36:43.000Z,Sin título,"Soy prime desde hace años ,antes era facil contactar con amazon si tenias u. Problema ,ahora es imposible ni llamar ni q te llamen para una solucion , e oido q con temu es muy facil habra q probar a c...Ver más",2025-12-22 00:22:45
José Luis Romero Romero,1,2025-12-15T12:27:17.000Z,Sin título,"Suscripción activada por error
La suscripción para ver Prime Video sin anuncios se activa con un solo clic y sin confirmación en dos pasos. Me suscribí por error, no utilicé el servicio y aun así se...Ver más",2025-12-22 00:22:45
Antonio,3,2025-12-03T02:54:57.000Z,Sin título,"Yo no compro en Amazon. Prefiero las tiendas físicas donde puedo ver y tocar los productos. Pero mi hija sí compra mucho y después de algunas experiencias de tener que devolver los productos, debo adm...Ver más",2025-12-22 00:22:45
Alicia,1,2025-12-13T22:13:21.000Z,Sin título,Tenían que hacerme una devolución y nunca la hicieron. Decían que la habían hecho a la cuenta en vez de a la tarjeta y llevo tres meses pidiéndoles el ARN o el justificante de la devolución y nunca me...Ver más,2025-12-22 00:22:45
Mariluz Aramburu,1,2025-12-07T15:32:14.000Z,Sin título,"Les compre un radiador que me llegó en mal estafó con pinta de usado, vinieron a recogerlo el 24 de Noviembre, estamos a 8 de diciembre y después de 50 llamadas no me hacen el reembolso de 60 euros, m...Ver más",2025-12-22 00:22:45
Al R,1,2025-12-02T18:48:33.000Z,Sin título,"Intento comprar un producto. Me falla el pago por saldo insuficiente. Vuelvo a pedir el producto y pago con otra tarjeta. Me cancelan el pedido por actividad ""sospechosa"". Nadie me responde, nadie lo...Ver más",2025-12-22 00:22:45
David,1,2025-12-09T16:35:13.000Z,Sin título,"He comprado una tarjeta SD Kingston de 32 GB directamente en Amazon y ha fallado prematuramente, perdiendo todas mis fotos y vídeos. He sido derivado varias veces al fabricante y me han cerrado el c...Ver más",2025-12-22 00:22:45
Sofía Fondón,1,2025-12-12T15:05:04.000Z,Sin título,"Te dicen y se comprometen en Atención al Cliente por escrito y luego ellos mismos dicen que eso no es cierto, después de mil  mensajes mareando.  Pésima experiencia y servicio al cliente, engaño y pér...Ver más",2025-12-22 00:22:45
Teresa Díaz,1,2025-12-09T13:18:01.000Z,Sin título,"Me han cobrado por duplicado una compra y no hay manera de solucionarlo.  La persona que me atendió, me dice que no ve reflejado el cobro duplicado,  siendo que el monto me lo cobraron con uno o dos d...Ver más",2025-12-22 00:22:45
Victoria,1,2025-11-16T17:50:25.000Z,Sin título,"Amazon está entrando en su decandencia!!! Viendo una peli sale la pregunta saltar anuncio , aceptas y zas has comprado una suscripción por 1’99€ , dicha suscripción solo pueden anularla ellos y ya no...Ver más",2025-12-22 00:22:45
Women's Sports Photography Jos,1,2025-12-11T04:46:10.000Z,Sin título,Amazon discrimina y roba a las personas mayores. Son unos ladrones y unos estafadores. Piden que verifiquen su cuenta Amazon a los ancianos con su DNI. Después dicen que no aceptan los DNI de las per...Ver más,2025-12-22 00:22:45
JoseMa Ramon Poch,1,2025-12-16T18:20:55.000Z,Sin título,"Pongo una estrella,porque no puedo poner cero.
Mucho ojo con amazon filtra numeros de tarjetas a terceros,posibles estafas",2025-12-22 00:22:45
Dmtryck Again,1,2025-12-16T00:16:14.000Z,Sin título,"Compré una luz de emergencia que no funciona. Hice la devolución en un centro de recogida de Repsol y dicen no les ha llegado, que reclame en Repsol. Si sus centros de recogida no son fiables no es mi...Ver más",2025-12-22 00:22:45
Consumer,1,2025-11-29T09:02:43.000Z,Sin título,"Después de esperar un tiempo por la compra de un producto, mi sorpresa es que Amazon con toda su cara dura, me dice que yo he cancelado el producto que he comprado sin explicaciones de nada de nada,y...Ver más",2025-12-22 00:22:45
José manuel Costa Iglesias,1,2025-11-27T11:33:06.000Z,Sin título,"He comprado un horno Hisense en Diciembre del 2022, se avería en Septiembre del 2025, con lo que está en garantía, Hisense me remite vale de abono del producto, pero Amazon no me canjea ni horno ni me...Ver más",2025-12-22 00:22:45
Grupo Trabajo,1,2025-12-19T14:44:36.000Z,Sin título,"Mucho cuidado con las devoluciones. Ya llevo dos paquetes que aparecen como ""no devueltos"" cuando en realidad ya los han recibido ellos y además el seguimiento indica ""entregado""en el centro de devol...Ver más",2025-12-22 00:22:45
Ald Natural,1,2025-12-15T02:32:59.000Z,Sin título,"Cada día peor. Antes eran los mejores casi en todo, atención al cliente, rapidez, información, cumplidores, etc., etc. Hoy en día ya se han perdido casi todos estos valores que tenían.",2025-12-22 00:22:45
Pablo Arias-Argüello Pereira,1,2025-12-03T20:26:46.000Z,Sin título,"No entregan pedidos en el día indicado, y te lo retrasan tres días diciendo que si no lo recibes puedes solicitar el reembolso. De risa te pones en contacto con el servicio de atención al cliente y te...Ver más",2025-12-22 00:22:45
Albert,1,2025-12-15T22:49:08.000Z,Sin título,La atención al cliente de Amazón es horrorosa. Es imposible el contacto telefónico y la IA funciona muy deficientemente. Llevo 3 días intentando reportar un problema y no he recibido ninguna respuesta...Ver más,2025-12-22 00:22:45
Sergi Canalís Cobos,1,2025-12-11T23:19:27.000Z,Sin título,"No és el primer productor que compro en Amazon, però sí la primera vez que me realizan una entrega, sin llamar (según ellos lo hicieron pero no había nadie en casa -estaba mi hijo-), y resulta que l...Ver más",2025-12-22 00:22:45
melodia arcos diaz,1,2025-12-03T21:52:31.000Z,Sin título,"Ya es la segunda vez que hago un pedido con ellos y me dice que lo entregan un día , pasa una semana y ese paquete sigue sin llegar. Me meto en seguimiento y es que no se sabe ni dónde está. Son unos...Ver más",2025-12-22 00:22:45
customer,1,2025-11-27T20:55:19.000Z,Sin título,"Amazon se me ha quedado el dinero de un reembolso. Compré un artículo por 46,63€, todos los días dicen que van hacer la devolución y nunca lo hacen. Supuestamente por las incomodidades presentadas y e...Ver más",2025-12-22 00:22:45
TTN,1,2025-12-01T19:23:27.000Z,Sin título,"Compré un árbol de navidad a Amazon, repito yo compro a Amazon y pago a Amazon.
Días después, se cambia de opinión y se procede a devolver y me encuentro con la sorpresa que amazon me dice que en re...Ver más",2025-12-22 00:22:45
ROCIO ALBERTI,1,2025-12-02T09:27:11.000Z,Sin título,"AMAZON cada vez peor, incumplen los plazos, las garantías, te dejan paquetes en la entrada sin seguridad ninguna, el servicio de atención al cliente no soluciona nada, cuando les da la gana el reembol...Ver más",2025-12-22 00:22:45
Fernando Benjumea,1,2025-11-30T08:19:58.000Z,Sin título,"He devuelto un artículo en Amazon, un detector de metales que funcionaba mal. Recogieron el artículo a través de celeritas, de la cual tengo la justificación. Tras pasar más de 14 días sin obten...Ver más",2025-12-22 00:22:45
Loly Castillo,1,2025-12-03T22:08:42.000Z,Sin título,"Hice un pedido el 15 de noviembre y fue cancelado al instante. Llamé a atención al cliente e informé sobre ello.
Aún así me enviaron el pedido. 
No he aceptado el paquete obviamente porque yo lo ha...Ver más",2025-12-22 00:22:45
cesar gotor,1,2025-11-30T19:09:03.000Z,Sin título,"Porque no me deja poner 0 estrellas, los dos últimos pedidos, uno de ellos me lo mandan usado y defectuoso, llamé y me lo iban a recoger, de esto hace ya más de una semana.
Última compra, pagas un p...Ver más",2025-12-22 00:22:45
Cararil Lion,1,2025-12-12T14:33:37.000Z,Sin título,"He comprado un producto con el Blackfraide el 01 de diciembre.
Aún no lo he recibido porque pasan por la empresa PAACK, que no entregan nunca los pedidos.
Dicen que se ha perdido,🤣🤣🤣.
Al final...Ver más",2025-12-22 00:22:45
DOMINGO,2,2025-11-27T19:27:24.000Z,Sin título,Siempre estuve contento con la rapidez de entrega de Amazon pero ahora se les ha dado por implantar un sistema de solo entregar a una persona con la contraseña y a no poder cambiar la dirección de ent...Ver más,2025-12-22 00:22:45
Javi,1,2025-12-12T22:22:03.000Z,Sin título,"14 días esperando la devolución del dinero. 14 días hace que devolví el producto. Unos cuantos chats, unos cuantos emails pero nada de nada.

260,33€ que me deben estos sinvergüenzas de Amazon. Y...Ver más",2025-12-22 00:22:45
David,1,2025-12-18T19:54:18.000Z,Sin título,Desesperante. Llevo más de un mes para una devolución. Amazon ha bajado muchísimo la calidad en TODO. Y ya ni hablemos de comprar algo que no vendan ni envíen ellos. El servicio de atención al cliente...Ver más,2025-12-22 00:22:45
Fernando Jimenez,1,2025-12-04T00:44:23.000Z,Sin título,no tiene atencion al cliente solo inteligencia artificial y deja los paque sin entregar en mano . avandonados a su suerte en la entrada de los pisos a merced de cualquiera,2025-12-22 00:22:45
Pixi,1,2025-12-04T19:27:50.000Z,Sin título,Recibo un correo electrónico en el que se me indica que me hacen una compensación por las molestias ocasionadas en un envío pero dicha compensación no aparece en mi cuenta. Me pongo en contacto con at...Ver más,2025-12-22 00:22:45
Baldo Cano,1,2025-12-09T21:22:39.000Z,Sin título,"Las entregas están funcionando muy mal desde hace un mes, pedidos no entregados o perdidos por los transportistas ( Seur)",2025-12-22 00:22:45
User,1,2025-12-01T20:49:35.000Z,Sin título,"He comprado un TV, frigorífico, colchón… y más cosas pero quería que me lo entregasen todo el mismo día aunque tuviese que esperar porque vivo a más de 45km de donde es la entrega y no han cumplido, c...Ver más",2025-12-22 00:22:45
Francisco José Rodríguez,2,2025-12-09T23:54:29.000Z,Sin título,"Cuando el vendedor es Amazon propiamente dicho, la entrega funciona bastante bien. 
Pero cuando el vendedor es una empresa externa, la entrega funciona bastante mal.",2025-12-22 00:22:45
Free,1,2025-12-05T14:08:07.000Z,Sin título,"Pongo una, porque no puedo poner 0. Ayer 12 horas un paquete en reparto, llamo y me dicen que acaban de hablar con el mensajero y que me lo entrega en un momento. A las 22:30, vuelvo a llamar y me dic...Ver más",2025-12-22 00:22:45
Santiago López Rodriguez,3,2025-12-08T14:16:41.000Z,Sin título,"Hola, muchos productos no dan la opción de recoger en punto de recogida, esto ha hecho que no haga muchas compras que de otro modo si hubiera hecho. Saludos",2025-12-22 00:22:45
emilio,1,2025-12-04T20:42:26.000Z,Sin título,"Paquete en entrega desde el dia 1 , a saber que han enviado y donde, esta en reparto ya tres dias con direccion incorrecta, el vendedor ni se preocupa, amazon balones fuera, 10 dias del pedido y fina...Ver más",2025-12-22 00:22:45
gabriel godoy,1,2025-12-16T11:42:07.000Z,Sin título,"Esto se ha vuelto un fiasco , pago todos los servicios de amazon y no he recibido ninguno de los productos que he comprado y algunos se los ha quedado el transportista lo colocan como entregado y te r...Ver más",2025-12-22 00:22:45
Manuel Ramírez Madueño,1,2025-12-12T01:12:10.000Z,Sin título,"Amazon Prime y los paquetes tengo que buscarlos yo en el punto que ellos (Seur) ponen por no decir los reembolsos de 14 días que tengo ultimo desde día 3 y nada. Yo no le pagué en 14 días a ellos, par...Ver más",2025-12-22 00:22:45
RAQUEL,1,2025-11-26T14:35:22.000Z,Sin título,ME PONGO EN CONTACTO CON EL SERVICIO DE ATENCION AL CLIENTE DE AMAZON PARA PREGUNTAR SOBRE UN PRODUCTO QUE VENDE BASTANTE MAS CARO QUE UN VENDEDOR EXTERNO Y ME DICEN QUE INTETARAN EN 48 HORAS AJUSTAR...Ver más,2025-12-22 00:22:45
Julio Calderón,2,2025-12-18T19:53:53.000Z,Sin título,"Mienten con la fecha de entrega. Compré un par de artículos el 16/12 con fecha de entrega el 20/12, me indica que entregarán el 4 de Enero, he chateado con atención al cliente 2 veces, el primero par...Ver más",2025-12-22 00:22:45
Emar mar,1,2025-12-06T16:11:59.000Z,Sin título,"Esta empresa facilita datos particulares como el DNI a las empresas de mensajería. 
Sorprendentemente, si la entrega es directa de ellos no lo piden.
Eso es una ilegalidad que habrá que consultar a...Ver más",2025-12-22 00:22:45
la posada de hogsmeade,1,2025-12-13T14:46:05.000Z,Sin título,"realmente horrible para iniciar tu cuenta dios mio llevo 2 horas luchando con los correos que te mandan es imposible todo el rato verificación tras verificación 
y eso que era para entrar a linkedlin...Ver más",2025-12-22 00:22:45
Carlos Rubio,1,2025-12-10T13:50:33.000Z,Sin título,"Parece mentira que trabajen con correo express, me dicen que no había nadie en casa y no he salido en toda la mañana. Pero que atajo mentirosos, que la gente sepa cómo trabaja correo express.",2025-12-22 00:22:45
Vicente,1,2025-12-20T01:18:20.000Z,Sin título,"El otro día (10.12.25) compré dos camas en Amazon de la empresa Mattfy, y solo me trajeron una, diciéndome que con la otra había surgido una incidencia y que por el momento tenía que esperar hasta el...Ver más",2025-12-22 00:22:45
Faisal,1,2025-12-19T03:43:46.000Z,Sin título,"Marcar un pedido como “entregado” cuando no lo ha sido es una práctica vergonzosa y totalmente inaceptable. No estamos hablando de un retraso ni de un paquete perdido, sino de una mentira direct...Ver más",2025-12-22 00:22:45
Javi,1,2025-12-12T22:22:03.000Z,Lamentable,Texto no disponible,2025-12-22 00:22:45
Lola Franco,5,2025-12-12T18:58:00.000Z,Amazon,Texto no disponible,2025-12-22 00:22:45
Sofía Fondón,1,2025-12-12T15:05:04.000Z,"Pésima atención, engaño",Texto no disponible,2025-12-22 00:22:45
Cararil Lion,1,2025-12-12T14:33:37.000Z,No entregan los pedidos,Texto no disponible,2025-12-22 00:22:45
Manuel Ramírez Madueño,1,2025-12-12T01:12:10.000Z,Amazon Prime,Texto no disponible,2025-12-22 00:22:45
Jonathan Ortega Villarreal,1,2025-12-12T00:08:21.000Z,Conductores de Amazon,Texto no disponible,2025-12-22 00:22:45
Sergi Canalís Cobos,1,2025-12-11T23:19:27.000Z,Repartidor de Amazon lanza producto sin llamar a casa,Texto no disponible,2025-12-22 00:22:45
Jorge,5,2025-12-11T22:00:39.000Z,Llevo años con la compañia y hace 5…,Texto no disponible,2025-12-22 00:22:45
Disalis,5,2025-12-11T14:16:22.000Z,Eficiencia y buena gestión,Texto no disponible,2025-12-22 00:22:45
Women's Sports Photography Jos,1,2025-12-11T04:46:10.000Z,Amazon discrimina y roba a las personas…,Texto no disponible,2025-12-22 00:22:45
Inma Marin,1,2025-12-10T17:36:43.000Z,Imposible contactar para un problema,Texto no disponible,2025-12-22 00:22:45
Carlos Rubio,1,2025-12-10T13:50:33.000Z,Parece mentira que trabajen con correo…,Texto no disponible,2025-12-22 00:22:45
Francisco José Rodríguez,2,2025-12-09T23:54:29.000Z,No compréis en Amazon cuando el vendedor es una empresa externa a Amazon,Texto no disponible,2025-12-22 00:22:45
Baldo Cano,1,2025-12-09T21:22:39.000Z,Las entregas están funcionando muy mal…,Texto no disponible,2025-12-22 00:22:45
David,1,2025-12-09T16:35:13.000Z,Inaceptable,Texto no disponible,2025-12-22 00:22:45
Teresa Díaz,1,2025-12-09T13:18:01.000Z,Me han cobrado por duplicado una compra…,Texto no disponible,2025-12-22 00:22:45
Juan Jesus Aguilera Aguilera,5,2025-12-08T20:54:07.000Z,Llevo años usando Amazon y comparado…,Texto no disponible,2025-12-22 00:22:45
Santiago López Rodriguez,3,2025-12-08T14:16:41.000Z,Opción punto de recogida,Texto no disponible,2025-12-22 00:22:45
Mariluz Aramburu,1,2025-12-07T15:32:14.000Z,Les compre un radiador que me llegó en…,Texto no disponible,2025-12-22 00:22:45
Irene Gil,1,2025-12-07T15:16:12.000Z,Amazon me da el PEOR trato comercial que he recibido en toda mi vida,Texto no disponible,2025-12-22 00:22:45
CORTES VARGAS MARIA DEL SOCORR,1,2025-12-19T10:17:55.000Z,Sin título,"He comprado un pack de canapé colchón y dos almohadas y solo me ha llegado el canapé. Luego en la app de Amazon me pone que pedido entregado al cliente,y no se encuentra la manera de reclamarle direct...Ver más",2025-12-22 00:22:49
JoseMa Ramon Poch,1,2025-12-17T19:39:13.000Z,Sin título,Atencion al cliente de amzon cuado no les interesa las criticas te cuegan el telefono una falta de educacion himpresionante.Una prepotencia total mejor utilizar otras plataformas de compra mas seguras...Ver más,2025-12-22 00:22:49
Inma Marin,1,2025-12-10T17:36:43.000Z,Sin título,"Soy prime desde hace años ,antes era facil contactar con amazon si tenias u. Problema ,ahora es imposible ni llamar ni q te llamen para una solucion , e oido q con temu es muy facil habra q probar a c...Ver más",2025-12-22 00:22:49
José Luis Romero Romero,1,2025-12-15T12:27:17.000Z,Sin título,"Suscripción activada por error
La suscripción para ver Prime Video sin anuncios se activa con un solo clic y sin confirmación en dos pasos. Me suscribí por error, no utilicé el servicio y aun así se...Ver más",2025-12-22 00:22:49
Antonio,3,2025-12-03T02:54:57.000Z,Sin título,"Yo no compro en Amazon. Prefiero las tiendas físicas donde puedo ver y tocar los productos. Pero mi hija sí compra mucho y después de algunas experiencias de tener que devolver los productos, debo adm...Ver más",2025-12-22 00:22:49
Alicia,1,2025-12-13T22:13:21.000Z,Sin título,Tenían que hacerme una devolución y nunca la hicieron. Decían que la habían hecho a la cuenta en vez de a la tarjeta y llevo tres meses pidiéndoles el ARN o el justificante de la devolución y nunca me...Ver más,2025-12-22 00:22:49
Mariluz Aramburu,1,2025-12-07T15:32:14.000Z,Sin título,"Les compre un radiador que me llegó en mal estafó con pinta de usado, vinieron a recogerlo el 24 de Noviembre, estamos a 8 de diciembre y después de 50 llamadas no me hacen el reembolso de 60 euros, m...Ver más",2025-12-22 00:22:49
Al R,1,2025-12-02T18:48:33.000Z,Sin título,"Intento comprar un producto. Me falla el pago por saldo insuficiente. Vuelvo a pedir el producto y pago con otra tarjeta. Me cancelan el pedido por actividad ""sospechosa"". Nadie me responde, nadie lo...Ver más",2025-12-22 00:22:49
David,1,2025-12-09T16:35:13.000Z,Sin título,"He comprado una tarjeta SD Kingston de 32 GB directamente en Amazon y ha fallado prematuramente, perdiendo todas mis fotos y vídeos. He sido derivado varias veces al fabricante y me han cerrado el c...Ver más",2025-12-22 00:22:49
Sofía Fondón,1,2025-12-12T15:05:04.000Z,Sin título,"Te dicen y se comprometen en Atención al Cliente por escrito y luego ellos mismos dicen que eso no es cierto, después de mil  mensajes mareando.  Pésima experiencia y servicio al cliente, engaño y pér...Ver más",2025-12-22 00:22:49
Teresa Díaz,1,2025-12-09T13:18:01.000Z,Sin título,"Me han cobrado por duplicado una compra y no hay manera de solucionarlo.  La persona que me atendió, me dice que no ve reflejado el cobro duplicado,  siendo que el monto me lo cobraron con uno o dos d...Ver más",2025-12-22 00:22:49
Victoria,1,2025-11-16T17:50:25.000Z,Sin título,"Amazon está entrando en su decandencia!!! Viendo una peli sale la pregunta saltar anuncio , aceptas y zas has comprado una suscripción por 1’99€ , dicha suscripción solo pueden anularla ellos y ya no...Ver más",2025-12-22 00:22:49
Women's Sports Photography Jos,1,2025-12-11T04:46:10.000Z,Sin título,Amazon discrimina y roba a las personas mayores. Son unos ladrones y unos estafadores. Piden que verifiquen su cuenta Amazon a los ancianos con su DNI. Después dicen que no aceptan los DNI de las per...Ver más,2025-12-22 00:22:49
JoseMa Ramon Poch,1,2025-12-16T18:20:55.000Z,Sin título,"Pongo una estrella,porque no puedo poner cero.
Mucho ojo con amazon filtra numeros de tarjetas a terceros,posibles estafas",2025-12-22 00:22:49
Dmtryck Again,1,2025-12-16T00:16:14.000Z,Sin título,"Compré una luz de emergencia que no funciona. Hice la devolución en un centro de recogida de Repsol y dicen no les ha llegado, que reclame en Repsol. Si sus centros de recogida no son fiables no es mi...Ver más",2025-12-22 00:22:49
Consumer,1,2025-11-29T09:02:43.000Z,Sin título,"Después de esperar un tiempo por la compra de un producto, mi sorpresa es que Amazon con toda su cara dura, me dice que yo he cancelado el producto que he comprado sin explicaciones de nada de nada,y...Ver más",2025-12-22 00:22:49
José manuel Costa Iglesias,1,2025-11-27T11:33:06.000Z,Sin título,"He comprado un horno Hisense en Diciembre del 2022, se avería en Septiembre del 2025, con lo que está en garantía, Hisense me remite vale de abono del producto, pero Amazon no me canjea ni horno ni me...Ver más",2025-12-22 00:22:49
Grupo Trabajo,1,2025-12-19T14:44:36.000Z,Sin título,"Mucho cuidado con las devoluciones. Ya llevo dos paquetes que aparecen como ""no devueltos"" cuando en realidad ya los han recibido ellos y además el seguimiento indica ""entregado""en el centro de devol...Ver más",2025-12-22 00:22:49
Ald Natural,1,2025-12-15T02:32:59.000Z,Sin título,"Cada día peor. Antes eran los mejores casi en todo, atención al cliente, rapidez, información, cumplidores, etc., etc. Hoy en día ya se han perdido casi todos estos valores que tenían.",2025-12-22 00:22:49
Pablo Arias-Argüello Pereira,1,2025-12-03T20:26:46.000Z,Sin título,"No entregan pedidos en el día indicado, y te lo retrasan tres días diciendo que si no lo recibes puedes solicitar el reembolso. De risa te pones en contacto con el servicio de atención al cliente y te...Ver más",2025-12-22 00:22:49
Albert,1,2025-12-15T22:49:08.000Z,Sin título,La atención al cliente de Amazón es horrorosa. Es imposible el contacto telefónico y la IA funciona muy deficientemente. Llevo 3 días intentando reportar un problema y no he recibido ninguna respuesta...Ver más,2025-12-22 00:22:49
Sergi Canalís Cobos,1,2025-12-11T23:19:27.000Z,Sin título,"No és el primer productor que compro en Amazon, però sí la primera vez que me realizan una entrega, sin llamar (según ellos lo hicieron pero no había nadie en casa -estaba mi hijo-), y resulta que l...Ver más",2025-12-22 00:22:49
melodia arcos diaz,1,2025-12-03T21:52:31.000Z,Sin título,"Ya es la segunda vez que hago un pedido con ellos y me dice que lo entregan un día , pasa una semana y ese paquete sigue sin llegar. Me meto en seguimiento y es que no se sabe ni dónde está. Son unos...Ver más",2025-12-22 00:22:49
customer,1,2025-11-27T20:55:19.000Z,Sin título,"Amazon se me ha quedado el dinero de un reembolso. Compré un artículo por 46,63€, todos los días dicen que van hacer la devolución y nunca lo hacen. Supuestamente por las incomodidades presentadas y e...Ver más",2025-12-22 00:22:49
TTN,1,2025-12-01T19:23:27.000Z,Sin título,"Compré un árbol de navidad a Amazon, repito yo compro a Amazon y pago a Amazon.
Días después, se cambia de opinión y se procede a devolver y me encuentro con la sorpresa que amazon me dice que en re...Ver más",2025-12-22 00:22:49
ROCIO ALBERTI,1,2025-12-02T09:27:11.000Z,Sin título,"AMAZON cada vez peor, incumplen los plazos, las garantías, te dejan paquetes en la entrada sin seguridad ninguna, el servicio de atención al cliente no soluciona nada, cuando les da la gana el reembol...Ver más",2025-12-22 00:22:49
Fernando Benjumea,1,2025-11-30T08:19:58.000Z,Sin título,"He devuelto un artículo en Amazon, un detector de metales que funcionaba mal. Recogieron el artículo a través de celeritas, de la cual tengo la justificación. Tras pasar más de 14 días sin obten...Ver más",2025-12-22 00:22:49
Loly Castillo,1,2025-12-03T22:08:42.000Z,Sin título,"Hice un pedido el 15 de noviembre y fue cancelado al instante. Llamé a atención al cliente e informé sobre ello.
Aún así me enviaron el pedido. 
No he aceptado el paquete obviamente porque yo lo ha...Ver más",2025-12-22 00:22:49
cesar gotor,1,2025-11-30T19:09:03.000Z,Sin título,"Porque no me deja poner 0 estrellas, los dos últimos pedidos, uno de ellos me lo mandan usado y defectuoso, llamé y me lo iban a recoger, de esto hace ya más de una semana.
Última compra, pagas un p...Ver más",2025-12-22 00:22:49
Cararil Lion,1,2025-12-12T14:33:37.000Z,Sin título,"He comprado un producto con el Blackfraide el 01 de diciembre.
Aún no lo he recibido porque pasan por la empresa PAACK, que no entregan nunca los pedidos.
Dicen que se ha perdido,🤣🤣🤣.
Al final...Ver más",2025-12-22 00:22:49
DOMINGO,2,2025-11-27T19:27:24.000Z,Sin título,Siempre estuve contento con la rapidez de entrega de Amazon pero ahora se les ha dado por implantar un sistema de solo entregar a una persona con la contraseña y a no poder cambiar la dirección de ent...Ver más,2025-12-22 00:22:49
Javi,1,2025-12-12T22:22:03.000Z,Sin título,"14 días esperando la devolución del dinero. 14 días hace que devolví el producto. Unos cuantos chats, unos cuantos emails pero nada de nada.

260,33€ que me deben estos sinvergüenzas de Amazon. Y...Ver más",2025-12-22 00:22:49
David,1,2025-12-18T19:54:18.000Z,Sin título,Desesperante. Llevo más de un mes para una devolución. Amazon ha bajado muchísimo la calidad en TODO. Y ya ni hablemos de comprar algo que no vendan ni envíen ellos. El servicio de atención al cliente...Ver más,2025-12-22 00:22:49
Fernando Jimenez,1,2025-12-04T00:44:23.000Z,Sin título,no tiene atencion al cliente solo inteligencia artificial y deja los paque sin entregar en mano . avandonados a su suerte en la entrada de los pisos a merced de cualquiera,2025-12-22 00:22:49
Pixi,1,2025-12-04T19:27:50.000Z,Sin título,Recibo un correo electrónico en el que se me indica que me hacen una compensación por las molestias ocasionadas en un envío pero dicha compensación no aparece en mi cuenta. Me pongo en contacto con at...Ver más,2025-12-22 00:22:49
Baldo Cano,1,2025-12-09T21:22:39.000Z,Sin título,"Las entregas están funcionando muy mal desde hace un mes, pedidos no entregados o perdidos por los transportistas ( Seur)",2025-12-22 00:22:49
User,1,2025-12-01T20:49:35.000Z,Sin título,"He comprado un TV, frigorífico, colchón… y más cosas pero quería que me lo entregasen todo el mismo día aunque tuviese que esperar porque vivo a más de 45km de donde es la entrega y no han cumplido, c...Ver más",2025-12-22 00:22:49
Francisco José Rodríguez,2,2025-12-09T23:54:29.000Z,Sin título,"Cuando el vendedor es Amazon propiamente dicho, la entrega funciona bastante bien. 
Pero cuando el vendedor es una empresa externa, la entrega funciona bastante mal.",2025-12-22 00:22:49
Free,1,2025-12-05T14:08:07.000Z,Sin título,"Pongo una, porque no puedo poner 0. Ayer 12 horas un paquete en reparto, llamo y me dicen que acaban de hablar con el mensajero y que me lo entrega en un momento. A las 22:30, vuelvo a llamar y me dic...Ver más",2025-12-22 00:22:49
Santiago López Rodriguez,3,2025-12-08T14:16:41.000Z,Sin título,"Hola, muchos productos no dan la opción de recoger en punto de recogida, esto ha hecho que no haga muchas compras que de otro modo si hubiera hecho. Saludos",2025-12-22 00:22:49
emilio,1,2025-12-04T20:42:26.000Z,Sin título,"Paquete en entrega desde el dia 1 , a saber que han enviado y donde, esta en reparto ya tres dias con direccion incorrecta, el vendedor ni se preocupa, amazon balones fuera, 10 dias del pedido y fina...Ver más",2025-12-22 00:22:49
gabriel godoy,1,2025-12-16T11:42:07.000Z,Sin título,"Esto se ha vuelto un fiasco , pago todos los servicios de amazon y no he recibido ninguno de los productos que he comprado y algunos se los ha quedado el transportista lo colocan como entregado y te r...Ver más",2025-12-22 00:22:49
Manuel Ramírez Madueño,1,2025-12-12T01:12:10.000Z,Sin título,"Amazon Prime y los paquetes tengo que buscarlos yo en el punto que ellos (Seur) ponen por no decir los reembolsos de 14 días que tengo ultimo desde día 3 y nada. Yo no le pagué en 14 días a ellos, par...Ver más",2025-12-22 00:22:49
RAQUEL,1,2025-11-26T14:35:22.000Z,Sin título,ME PONGO EN CONTACTO CON EL SERVICIO DE ATENCION AL CLIENTE DE AMAZON PARA PREGUNTAR SOBRE UN PRODUCTO QUE VENDE BASTANTE MAS CARO QUE UN VENDEDOR EXTERNO Y ME DICEN QUE INTETARAN EN 48 HORAS AJUSTAR...Ver más,2025-12-22 00:22:49
Julio Calderón,2,2025-12-18T19:53:53.000Z,Sin título,"Mienten con la fecha de entrega. Compré un par de artículos el 16/12 con fecha de entrega el 20/12, me indica que entregarán el 4 de Enero, he chateado con atención al cliente 2 veces, el primero par...Ver más",2025-12-22 00:22:49
Emar mar,1,2025-12-06T16:11:59.000Z,Sin título,"Esta empresa facilita datos particulares como el DNI a las empresas de mensajería. 
Sorprendentemente, si la entrega es directa de ellos no lo piden.
Eso es una ilegalidad que habrá que consultar a...Ver más",2025-12-22 00:22:49
la posada de hogsmeade,1,2025-12-13T14:46:05.000Z,Sin título,"realmente horrible para iniciar tu cuenta dios mio llevo 2 horas luchando con los correos que te mandan es imposible todo el rato verificación tras verificación 
y eso que era para entrar a linkedlin...Ver más",2025-12-22 00:22:49
Carlos Rubio,1,2025-12-10T13:50:33.000Z,Sin título,"Parece mentira que trabajen con correo express, me dicen que no había nadie en casa y no he salido en toda la mañana. Pero que atajo mentirosos, que la gente sepa cómo trabaja correo express.",2025-12-22 00:22:49
Vicente,1,2025-12-20T01:18:20.000Z,Sin título,"El otro día (10.12.25) compré dos camas en Amazon de la empresa Mattfy, y solo me trajeron una, diciéndome que con la otra había surgido una incidencia y que por el momento tenía que esperar hasta el...Ver más",2025-12-22 00:22:49
Faisal,1,2025-12-19T03:43:46.000Z,Sin título,"Marcar un pedido como “entregado” cuando no lo ha sido es una práctica vergonzosa y totalmente inaceptable. No estamos hablando de un retraso ni de un paquete perdido, sino de una mentira direct...Ver más",2025-12-22 00:22:49
Emar mar,1,2025-12-06T16:11:59.000Z,Fuera de la ley,Texto no disponible,2025-12-22 00:22:49
Free,1,2025-12-05T14:08:07.000Z,"Servicio pésimo, mentiras, tras mentiras.",Texto no disponible,2025-12-22 00:22:49
Lazara Lopez,5,2025-12-05T10:41:36.000Z,Excelente 😍,Texto no disponible,2025-12-22 00:22:49
Mikel Martin,1,2025-12-04T21:26:03.000Z,Seur no pasa a recoger las devoluciones…,Texto no disponible,2025-12-22 00:22:49
emilio,1,2025-12-04T20:42:26.000Z,vendedores y amazon Basura,Texto no disponible,2025-12-22 00:22:49
juan r,1,2025-12-04T20:12:11.000Z,Atención al cliente me engaña,Texto no disponible,2025-12-22 00:22:49
Pixi,1,2025-12-04T19:27:50.000Z,Engañado por atención al cliente de Amazon,Texto no disponible,2025-12-22 00:22:49
Fernando Jimenez,1,2025-12-04T00:44:23.000Z,no tiene atencion al cliente solo…,Texto no disponible,2025-12-22 00:22:49
Loly Castillo,1,2025-12-03T22:08:42.000Z,Pedido cancelado y no me han hecho el reembolso,Texto no disponible,2025-12-22 00:22:49
melodia arcos diaz,1,2025-12-03T21:52:31.000Z,ESTAFADORES,Texto no disponible,2025-12-22 00:22:49
jose Javier Argüelles,1,2025-12-03T20:29:45.000Z,Estafa por culpa de la empresa de trasporte,Texto no disponible,2025-12-22 00:22:49
Pablo Arias-Argüello Pereira,1,2025-12-03T20:26:46.000Z,lAmazon ya no es lo que era.,Texto no disponible,2025-12-22 00:22:49
Antonio,3,2025-12-03T02:54:57.000Z,Cambio a mejor,Texto no disponible,2025-12-22 00:22:49
Javier,1,2025-12-02T23:04:54.000Z,Venden balizas Osram que no están homologadas co,Texto no disponible,2025-12-22 00:22:49
Iñaki P,1,2025-12-02T21:42:59.000Z,Cuidado con Amazon de segunda mano,Texto no disponible,2025-12-22 00:22:49
Ainara Garcia Vázquez,1,2025-12-02T21:10:37.000Z,Amazon no vale para nada,Texto no disponible,2025-12-22 00:22:49
Al R,1,2025-12-02T18:48:33.000Z,Pésima gestión,Texto no disponible,2025-12-22 00:22:49
Dani,1,2025-12-02T12:13:22.000Z,Comprad en cualquier amazon de Europa,Texto no disponible,2025-12-22 00:22:49
Daniel H,1,2025-12-02T10:28:08.000Z,Basura infecta,Texto no disponible,2025-12-22 00:22:49
ROCIO ALBERTI,1,2025-12-02T09:27:11.000Z,AMAZON cada vez peor,Texto no disponible,2025-12-22 00:22:49
