titulo,texto,puntuacion,fecha,usuario,timestamp_extraccion
Sin t√≠tulo,"He comprado un pack de canap√© colch√≥n y dos almohadas y solo me ha llegado el canap√©. Luego en la app de Amazon me pone que pedido entregado al cliente,y no se encuentra la manera de reclamarle direct...Ver m√°s",1,2025-12-19T10:17:55.000Z,CORTES VARGAS MARIA DEL SOCORR,2025-12-21 21:59:28
Sin t√≠tulo,Atencion al cliente de amzon cuado no les interesa las criticas te cuegan el telefono una falta de educacion himpresionante.Una prepotencia total mejor utilizar otras plataformas de compra mas seguras...Ver m√°s,1,2025-12-17T19:39:13.000Z,JoseMa Ramon Poch,2025-12-21 21:59:28
Sin t√≠tulo,"Soy prime desde hace a√±os ,antes era facil contactar con amazon si tenias u. Problema ,ahora es imposible ni llamar ni q te llamen para una solucion , e oido q con temu es muy facil habra q probar a c...Ver m√°s",1,2025-12-10T17:36:43.000Z,Inma Marin,2025-12-21 21:59:28
Sin t√≠tulo,"Suscripci√≥n activada por error
La suscripci√≥n para ver Prime Video sin anuncios se activa con un solo clic y sin confirmaci√≥n en dos pasos. Me suscrib√≠ por error, no utilic√© el servicio y aun as√≠ se...Ver m√°s",1,2025-12-15T12:27:17.000Z,Jos√© Luis Romero Romero,2025-12-21 21:59:28
Sin t√≠tulo,"Yo no compro en Amazon. Prefiero las tiendas f√≠sicas donde puedo ver y tocar los productos. Pero mi hija s√≠ compra mucho y despu√©s de algunas experiencias de tener que devolver los productos, debo adm...Ver m√°s",3,2025-12-03T02:54:57.000Z,Antonio,2025-12-21 21:59:28
Sin t√≠tulo,Ten√≠an que hacerme una devoluci√≥n y nunca la hicieron. Dec√≠an que la hab√≠an hecho a la cuenta en vez de a la tarjeta y llevo tres meses pidi√©ndoles el ARN o el justificante de la devoluci√≥n y nunca me...Ver m√°s,1,2025-12-13T22:13:21.000Z,Alicia,2025-12-21 21:59:28
Sin t√≠tulo,"Les compre un radiador que me lleg√≥ en mal estaf√≥ con pinta de usado, vinieron a recogerlo el 24 de Noviembre, estamos a 8 de diciembre y despu√©s de 50 llamadas no me hacen el reembolso de 60 euros, m...Ver m√°s",1,2025-12-07T15:32:14.000Z,Mariluz Aramburu,2025-12-21 21:59:28
Sin t√≠tulo,"Intento comprar un producto. Me falla el pago por saldo insuficiente. Vuelvo a pedir el producto y pago con otra tarjeta. Me cancelan el pedido por actividad ""sospechosa"". Nadie me responde, nadie lo...Ver m√°s",1,2025-12-02T18:48:33.000Z,Al R,2025-12-21 21:59:28
Sin t√≠tulo,"He comprado una tarjeta SD Kingston de 32‚ÄØGB directamente en Amazon y ha fallado prematuramente, perdiendo todas mis fotos y v√≠deos. He sido derivado varias veces al fabricante y me han cerrado el c...Ver m√°s",1,2025-12-09T16:35:13.000Z,David,2025-12-21 21:59:28
Sin t√≠tulo,"Te dicen y se comprometen en Atenci√≥n al Cliente por escrito y luego ellos mismos dicen que eso no es cierto, despu√©s de mil  mensajes mareando.  P√©sima experiencia y servicio al cliente, enga√±o y p√©r...Ver m√°s",1,2025-12-12T15:05:04.000Z,Sof√≠a Fond√≥n,2025-12-21 21:59:28
Sin t√≠tulo,"Me han cobrado por duplicado una compra y no hay manera de solucionarlo.  La persona que me atendi√≥, me dice que no ve reflejado el cobro duplicado,  siendo que el monto me lo cobraron con uno o dos d...Ver m√°s",1,2025-12-09T13:18:01.000Z,Teresa D√≠az,2025-12-21 21:59:28
Sin t√≠tulo,"Amazon est√° entrando en su decandencia!!! Viendo una peli sale la pregunta saltar anuncio , aceptas y zas has comprado una suscripci√≥n por 1‚Äô99‚Ç¨ , dicha suscripci√≥n solo pueden anularla ellos y ya no...Ver m√°s",1,2025-11-16T17:50:25.000Z,Victoria,2025-12-21 21:59:28
Sin t√≠tulo,Amazon discrimina y roba a las personas mayores. Son unos ladrones y unos estafadores. Piden que verifiquen su cuenta Amazon a los ancianos con su DNI. Despu√©s dicen que no aceptan los DNI de las per...Ver m√°s,1,2025-12-11T04:46:10.000Z,Women's Sports Photography Jos,2025-12-21 21:59:28
Sin t√≠tulo,"Pongo una estrella,porque no puedo poner cero.
Mucho ojo con amazon filtra numeros de tarjetas a terceros,posibles estafas",1,2025-12-16T18:20:55.000Z,JoseMa Ramon Poch,2025-12-21 21:59:28
Sin t√≠tulo,"Compr√© una luz de emergencia que no funciona. Hice la devoluci√≥n en un centro de recogida de Repsol y dicen no les ha llegado, que reclame en Repsol. Si sus centros de recogida no son fiables no es mi...Ver m√°s",1,2025-12-16T00:16:14.000Z,Dmtryck Again,2025-12-21 21:59:28
Sin t√≠tulo,"Despu√©s de esperar un tiempo por la compra de un producto, mi sorpresa es que Amazon con toda su cara dura, me dice que yo he cancelado el producto que he comprado sin explicaciones de nada de nada,y...Ver m√°s",1,2025-11-29T09:02:43.000Z,Consumer,2025-12-21 21:59:28
Sin t√≠tulo,"He comprado un horno Hisense en Diciembre del 2022, se aver√≠a en Septiembre del 2025, con lo que est√° en garant√≠a, Hisense me remite vale de abono del producto, pero Amazon no me canjea ni horno ni me...Ver m√°s",1,2025-11-27T11:33:06.000Z,Jos√© manuel Costa Iglesias,2025-12-21 21:59:28
Sin t√≠tulo,"Mucho cuidado con las devoluciones. Ya llevo dos paquetes que aparecen como ""no devueltos"" cuando en realidad ya los han recibido ellos y adem√°s el seguimiento indica ""entregado""en el centro de devol...Ver m√°s",1,2025-12-19T14:44:36.000Z,Grupo Trabajo,2025-12-21 21:59:28
Sin t√≠tulo,"Cada d√≠a peor. Antes eran los mejores casi en todo, atenci√≥n al cliente, rapidez, informaci√≥n, cumplidores, etc., etc. Hoy en d√≠a ya se han perdido casi todos estos valores que ten√≠an.",1,2025-12-15T02:32:59.000Z,Ald Natural,2025-12-21 21:59:28
Sin t√≠tulo,"No entregan pedidos en el d√≠a indicado, y te lo retrasan tres d√≠as diciendo que si no lo recibes puedes solicitar el reembolso. De risa te pones en contacto con el servicio de atenci√≥n al cliente y te...Ver m√°s",1,2025-12-03T20:26:46.000Z,Pablo Arias-Arg√ºello Pereira,2025-12-21 21:59:28
Sin t√≠tulo,La atenci√≥n al cliente de Amaz√≥n es horrorosa. Es imposible el contacto telef√≥nico y la IA funciona muy deficientemente. Llevo 3 d√≠as intentando reportar un problema y no he recibido ninguna respuesta...Ver m√°s,1,2025-12-15T22:49:08.000Z,Albert,2025-12-21 21:59:28
Sin t√≠tulo,"No √©s el primer productor que compro en Amazon, per√≤ s√≠ la primera vez que me realizan una entrega, sin llamar (seg√∫n ellos lo hicieron pero no hab√≠a nadie en casa -estaba mi hijo-), y resulta que l...Ver m√°s",1,2025-12-11T23:19:27.000Z,Sergi Canal√≠s Cobos,2025-12-21 21:59:28
Sin t√≠tulo,"Ya es la segunda vez que hago un pedido con ellos y me dice que lo entregan un d√≠a , pasa una semana y ese paquete sigue sin llegar. Me meto en seguimiento y es que no se sabe ni d√≥nde est√°. Son unos...Ver m√°s",1,2025-12-03T21:52:31.000Z,melodia arcos diaz,2025-12-21 21:59:28
Sin t√≠tulo,"Amazon se me ha quedado el dinero de un reembolso. Compr√© un art√≠culo por 46,63‚Ç¨, todos los d√≠as dicen que van hacer la devoluci√≥n y nunca lo hacen. Supuestamente por las incomodidades presentadas y e...Ver m√°s",1,2025-11-27T20:55:19.000Z,customer,2025-12-21 21:59:28
Sin t√≠tulo,"Compr√© un √°rbol de navidad a Amazon, repito yo compro a Amazon y pago a Amazon.
D√≠as despu√©s, se cambia de opini√≥n y se procede a devolver y me encuentro con la sorpresa que amazon me dice que en re...Ver m√°s",1,2025-12-01T19:23:27.000Z,TTN,2025-12-21 21:59:28
Sin t√≠tulo,"AMAZON cada vez peor, incumplen los plazos, las garant√≠as, te dejan paquetes en la entrada sin seguridad ninguna, el servicio de atenci√≥n al cliente no soluciona nada, cuando les da la gana el reembol...Ver m√°s",1,2025-12-02T09:27:11.000Z,ROCIO ALBERTI,2025-12-21 21:59:28
Sin t√≠tulo,"He devuelto un art√≠culo en Amazon, un detector de metales que funcionaba mal. Recogieron el art√≠culo a trav√©s de celeritas, de la cual tengo la justificaci√≥n. Tras pasar m√°s de 14 d√≠as sin obten...Ver m√°s",1,2025-11-30T08:19:58.000Z,Fernando Benjumea,2025-12-21 21:59:28
Sin t√≠tulo,"Hice un pedido el 15 de noviembre y fue cancelado al instante. Llam√© a atenci√≥n al cliente e inform√© sobre ello.
A√∫n as√≠ me enviaron el pedido. 
No he aceptado el paquete obviamente porque yo lo ha...Ver m√°s",1,2025-12-03T22:08:42.000Z,Loly Castillo,2025-12-21 21:59:28
Sin t√≠tulo,"Porque no me deja poner 0 estrellas, los dos √∫ltimos pedidos, uno de ellos me lo mandan usado y defectuoso, llam√© y me lo iban a recoger, de esto hace ya m√°s de una semana.
√öltima compra, pagas un p...Ver m√°s",1,2025-11-30T19:09:03.000Z,cesar gotor,2025-12-21 21:59:28
Sin t√≠tulo,"He comprado un producto con el Blackfraide el 01 de diciembre.
A√∫n no lo he recibido porque pasan por la empresa PAACK, que no entregan nunca los pedidos.
Dicen que se ha perdido,ü§£ü§£ü§£.
Al final...Ver m√°s",1,2025-12-12T14:33:37.000Z,Cararil Lion,2025-12-21 21:59:28
Sin t√≠tulo,Siempre estuve contento con la rapidez de entrega de Amazon pero ahora se les ha dado por implantar un sistema de solo entregar a una persona con la contrase√±a y a no poder cambiar la direcci√≥n de ent...Ver m√°s,2,2025-11-27T19:27:24.000Z,DOMINGO,2025-12-21 21:59:28
Sin t√≠tulo,"14 d√≠as esperando la devoluci√≥n del dinero. 14 d√≠as hace que devolv√≠ el producto. Unos cuantos chats, unos cuantos emails pero nada de nada.

260,33‚Ç¨ que me deben estos sinverg√ºenzas de Amazon. Y...Ver m√°s",1,2025-12-12T22:22:03.000Z,Javi,2025-12-21 21:59:28
Sin t√≠tulo,Desesperante. Llevo m√°s de un mes para una devoluci√≥n. Amazon ha bajado much√≠simo la calidad en TODO. Y ya ni hablemos de comprar algo que no vendan ni env√≠en ellos. El servicio de atenci√≥n al cliente...Ver m√°s,1,2025-12-18T19:54:18.000Z,David,2025-12-21 21:59:28
Sin t√≠tulo,no tiene atencion al cliente solo inteligencia artificial y deja los paque sin entregar en mano . avandonados a su suerte en la entrada de los pisos a merced de cualquiera,1,2025-12-04T00:44:23.000Z,Fernando Jimenez,2025-12-21 21:59:28
Sin t√≠tulo,Recibo un correo electr√≥nico en el que se me indica que me hacen una compensaci√≥n por las molestias ocasionadas en un env√≠o pero dicha compensaci√≥n no aparece en mi cuenta. Me pongo en contacto con at...Ver m√°s,1,2025-12-04T19:27:50.000Z,Pixi,2025-12-21 21:59:28
Sin t√≠tulo,"Las entregas est√°n funcionando muy mal desde hace un mes, pedidos no entregados o perdidos por los transportistas ( Seur)",1,2025-12-09T21:22:39.000Z,Baldo Cano,2025-12-21 21:59:28
Sin t√≠tulo,"He comprado un TV, frigor√≠fico, colch√≥n‚Ä¶ y m√°s cosas pero quer√≠a que me lo entregasen todo el mismo d√≠a aunque tuviese que esperar porque vivo a m√°s de 45km de donde es la entrega y no han cumplido, c...Ver m√°s",1,2025-12-01T20:49:35.000Z,User,2025-12-21 21:59:28
Sin t√≠tulo,"Cuando el vendedor es Amazon propiamente dicho, la entrega funciona bastante bien. 
Pero cuando el vendedor es una empresa externa, la entrega funciona bastante mal.",2,2025-12-09T23:54:29.000Z,Francisco Jos√© Rodr√≠guez,2025-12-21 21:59:28
Sin t√≠tulo,"Pongo una, porque no puedo poner 0. Ayer 12 horas un paquete en reparto, llamo y me dicen que acaban de hablar con el mensajero y que me lo entrega en un momento. A las 22:30, vuelvo a llamar y me dic...Ver m√°s",1,2025-12-05T14:08:07.000Z,Free,2025-12-21 21:59:28
Sin t√≠tulo,"Hola, muchos productos no dan la opci√≥n de recoger en punto de recogida, esto ha hecho que no haga muchas compras que de otro modo si hubiera hecho. Saludos",3,2025-12-08T14:16:41.000Z,Santiago L√≥pez Rodriguez,2025-12-21 21:59:28
Sin t√≠tulo,"Paquete en entrega desde el dia 1 , a saber que han enviado y donde, esta en reparto ya tres dias con direccion incorrecta, el vendedor ni se preocupa, amazon balones fuera, 10 dias del pedido y fina...Ver m√°s",1,2025-12-04T20:42:26.000Z,emilio,2025-12-21 21:59:28
Sin t√≠tulo,"Esto se ha vuelto un fiasco , pago todos los servicios de amazon y no he recibido ninguno de los productos que he comprado y algunos se los ha quedado el transportista lo colocan como entregado y te r...Ver m√°s",1,2025-12-16T11:42:07.000Z,gabriel godoy,2025-12-21 21:59:28
Sin t√≠tulo,"Amazon Prime y los paquetes tengo que buscarlos yo en el punto que ellos (Seur) ponen por no decir los reembolsos de 14 d√≠as que tengo ultimo desde d√≠a 3 y nada. Yo no le pagu√© en 14 d√≠as a ellos, par...Ver m√°s",1,2025-12-12T01:12:10.000Z,Manuel Ram√≠rez Madue√±o,2025-12-21 21:59:28
Sin t√≠tulo,ME PONGO EN CONTACTO CON EL SERVICIO DE ATENCION AL CLIENTE DE AMAZON PARA PREGUNTAR SOBRE UN PRODUCTO QUE VENDE BASTANTE MAS CARO QUE UN VENDEDOR EXTERNO Y ME DICEN QUE INTETARAN EN 48 HORAS AJUSTAR...Ver m√°s,1,2025-11-26T14:35:22.000Z,RAQUEL,2025-12-21 21:59:28
Sin t√≠tulo,"Mienten con la fecha de entrega. Compr√© un par de art√≠culos el 16/12 con fecha de entrega el 20/12, me indica que entregar√°n el 4 de Enero, he chateado con atenci√≥n al cliente 2 veces, el primero par...Ver m√°s",2,2025-12-18T19:53:53.000Z,Julio Calder√≥n,2025-12-21 21:59:28
Sin t√≠tulo,"Esta empresa facilita datos particulares como el DNI a las empresas de mensajer√≠a. 
Sorprendentemente, si la entrega es directa de ellos no lo piden.
Eso es una ilegalidad que habr√° que consultar a...Ver m√°s",1,2025-12-06T16:11:59.000Z,Emar mar,2025-12-21 21:59:28
Sin t√≠tulo,"realmente horrible para iniciar tu cuenta dios mio llevo 2 horas luchando con los correos que te mandan es imposible todo el rato verificaci√≥n tras verificaci√≥n 
y eso que era para entrar a linkedlin...Ver m√°s",1,2025-12-13T14:46:05.000Z,la posada de hogsmeade,2025-12-21 21:59:28
Sin t√≠tulo,"Parece mentira que trabajen con correo express, me dicen que no hab√≠a nadie en casa y no he salido en toda la ma√±ana. Pero que atajo mentirosos, que la gente sepa c√≥mo trabaja correo express.",1,2025-12-10T13:50:33.000Z,Carlos Rubio,2025-12-21 21:59:28
Sin t√≠tulo,"El otro d√≠a (10.12.25) compr√© dos camas en Amazon de la empresa Mattfy, y solo me trajeron una, dici√©ndome que con la otra hab√≠a surgido una incidencia y que por el momento ten√≠a que esperar hasta el...Ver m√°s",1,2025-12-20T01:18:20.000Z,Vicente,2025-12-21 21:59:28
Sin t√≠tulo,"Marcar un pedido como ‚Äúentregado‚Äù cuando no lo ha sido es una pr√°ctica vergonzosa y totalmente inaceptable. No estamos hablando de un retraso ni de un paquete perdido, sino de una mentira direct...Ver m√°s",1,2025-12-19T03:43:46.000Z,Faisal,2025-12-21 21:59:28
Lo √∫ltimo que compr√© no ven√≠a lo que compre,Texto no disponible,1,2025-12-20T23:21:08.000Z,Rafael P√©rez,2025-12-21 21:59:28
La atenci√≥n al cliente es p√©sima no lo siguiente,Texto no disponible,1,2025-12-20T01:18:20.000Z,Vicente,2025-12-21 21:59:28
Pedido incompleto,Texto no disponible,1,2025-12-19T10:17:55.000Z,CORTES VARGAS MARIA DEL SOCORR,2025-12-21 21:59:28
Mentir sobre la entrega es enga√±ar,Texto no disponible,1,2025-12-19T03:43:46.000Z,Faisal,2025-12-21 21:59:28
Desesperante.Ineptos.,Texto no disponible,1,2025-12-18T19:54:18.000Z,David,2025-12-21 21:59:28
Mienten con la fecha de entrega,Texto no disponible,2,2025-12-18T19:53:53.000Z,Julio Calder√≥n,2025-12-21 21:59:28
Mucho cuidado con las devoluciones,Texto no disponible,1,2025-12-19T14:44:36.000Z,Grupo Trabajo,2025-12-21 21:59:28
Cada vez compro menos en tiendas‚Ä¶,Texto no disponible,5,2025-12-18T13:05:23.000Z,Maca,2025-12-21 21:59:28
Lo ultimo de atencion al cliente de amazon,Texto no disponible,1,2025-12-17T19:39:13.000Z,JoseMa Ramon Poch,2025-12-21 21:59:28
Esto se ha vuelto un fiasco,Texto no disponible,1,2025-12-16T11:42:07.000Z,gabriel godoy,2025-12-21 21:59:28
Siempre perfecto,Texto no disponible,5,2025-12-16T02:51:48.000Z,Gerard Bori Fern√°ndez,2025-12-21 21:59:28
Compr√© una luz de emergencia que no‚Ä¶,Texto no disponible,1,2025-12-16T00:16:14.000Z,Dmtryck Again,2025-12-21 21:59:28
La atenci√≥n al cliente de Amaz√≥n es muy deficiente,Texto no disponible,1,2025-12-15T22:49:08.000Z,Albert,2025-12-21 21:59:28
Suscripci√≥n activada por error,Texto no disponible,1,2025-12-15T12:27:17.000Z,Jos√© Luis Romero Romero,2025-12-21 21:59:28
La verdad que venden mucha basura,Texto no disponible,5,2025-12-15T10:08:59.000Z,Javier Matellan P√©rez,2025-12-21 21:59:28
"Cada d√≠a peor, Ya no son lo que eran",Texto no disponible,1,2025-12-15T02:32:59.000Z,Ald Natural,2025-12-21 21:59:28
La etenci√≥n al cliente es p√©sima,Texto no disponible,2,2025-12-14T11:41:07.000Z,Andy Mercedo Torna,2025-12-21 21:59:28
"No me han ingresado una devoluci√≥n, dicen que s√≠ pero no me dan el justificante y en mi banco no est√°.",Texto no disponible,1,2025-12-13T22:13:21.000Z,Alicia,2025-12-21 21:59:28
incumplimiento plazos entrega,Texto no disponible,1,2025-12-13T21:43:32.000Z,Sandra Ballester Rosello,2025-12-21 21:59:28
realmente horrible para iniciar tu‚Ä¶,Texto no disponible,1,2025-12-13T14:46:05.000Z,la posada de hogsmeade,2025-12-21 21:59:28
Sin t√≠tulo,"He comprado un pack de canap√© colch√≥n y dos almohadas y solo me ha llegado el canap√©. Luego en la app de Amazon me pone que pedido entregado al cliente,y no se encuentra la manera de reclamarle direct...Ver m√°s",1,2025-12-19T10:17:55.000Z,CORTES VARGAS MARIA DEL SOCORR,2025-12-21 21:59:32
Sin t√≠tulo,Atencion al cliente de amzon cuado no les interesa las criticas te cuegan el telefono una falta de educacion himpresionante.Una prepotencia total mejor utilizar otras plataformas de compra mas seguras...Ver m√°s,1,2025-12-17T19:39:13.000Z,JoseMa Ramon Poch,2025-12-21 21:59:32
Sin t√≠tulo,"Soy prime desde hace a√±os ,antes era facil contactar con amazon si tenias u. Problema ,ahora es imposible ni llamar ni q te llamen para una solucion , e oido q con temu es muy facil habra q probar a c...Ver m√°s",1,2025-12-10T17:36:43.000Z,Inma Marin,2025-12-21 21:59:32
Sin t√≠tulo,"Suscripci√≥n activada por error
La suscripci√≥n para ver Prime Video sin anuncios se activa con un solo clic y sin confirmaci√≥n en dos pasos. Me suscrib√≠ por error, no utilic√© el servicio y aun as√≠ se...Ver m√°s",1,2025-12-15T12:27:17.000Z,Jos√© Luis Romero Romero,2025-12-21 21:59:32
Sin t√≠tulo,"Yo no compro en Amazon. Prefiero las tiendas f√≠sicas donde puedo ver y tocar los productos. Pero mi hija s√≠ compra mucho y despu√©s de algunas experiencias de tener que devolver los productos, debo adm...Ver m√°s",3,2025-12-03T02:54:57.000Z,Antonio,2025-12-21 21:59:32
Sin t√≠tulo,Ten√≠an que hacerme una devoluci√≥n y nunca la hicieron. Dec√≠an que la hab√≠an hecho a la cuenta en vez de a la tarjeta y llevo tres meses pidi√©ndoles el ARN o el justificante de la devoluci√≥n y nunca me...Ver m√°s,1,2025-12-13T22:13:21.000Z,Alicia,2025-12-21 21:59:32
Sin t√≠tulo,"Les compre un radiador que me lleg√≥ en mal estaf√≥ con pinta de usado, vinieron a recogerlo el 24 de Noviembre, estamos a 8 de diciembre y despu√©s de 50 llamadas no me hacen el reembolso de 60 euros, m...Ver m√°s",1,2025-12-07T15:32:14.000Z,Mariluz Aramburu,2025-12-21 21:59:32
Sin t√≠tulo,"Intento comprar un producto. Me falla el pago por saldo insuficiente. Vuelvo a pedir el producto y pago con otra tarjeta. Me cancelan el pedido por actividad ""sospechosa"". Nadie me responde, nadie lo...Ver m√°s",1,2025-12-02T18:48:33.000Z,Al R,2025-12-21 21:59:32
Sin t√≠tulo,"He comprado una tarjeta SD Kingston de 32‚ÄØGB directamente en Amazon y ha fallado prematuramente, perdiendo todas mis fotos y v√≠deos. He sido derivado varias veces al fabricante y me han cerrado el c...Ver m√°s",1,2025-12-09T16:35:13.000Z,David,2025-12-21 21:59:32
Sin t√≠tulo,"Te dicen y se comprometen en Atenci√≥n al Cliente por escrito y luego ellos mismos dicen que eso no es cierto, despu√©s de mil  mensajes mareando.  P√©sima experiencia y servicio al cliente, enga√±o y p√©r...Ver m√°s",1,2025-12-12T15:05:04.000Z,Sof√≠a Fond√≥n,2025-12-21 21:59:32
Sin t√≠tulo,"Me han cobrado por duplicado una compra y no hay manera de solucionarlo.  La persona que me atendi√≥, me dice que no ve reflejado el cobro duplicado,  siendo que el monto me lo cobraron con uno o dos d...Ver m√°s",1,2025-12-09T13:18:01.000Z,Teresa D√≠az,2025-12-21 21:59:32
Sin t√≠tulo,"Amazon est√° entrando en su decandencia!!! Viendo una peli sale la pregunta saltar anuncio , aceptas y zas has comprado una suscripci√≥n por 1‚Äô99‚Ç¨ , dicha suscripci√≥n solo pueden anularla ellos y ya no...Ver m√°s",1,2025-11-16T17:50:25.000Z,Victoria,2025-12-21 21:59:32
Sin t√≠tulo,Amazon discrimina y roba a las personas mayores. Son unos ladrones y unos estafadores. Piden que verifiquen su cuenta Amazon a los ancianos con su DNI. Despu√©s dicen que no aceptan los DNI de las per...Ver m√°s,1,2025-12-11T04:46:10.000Z,Women's Sports Photography Jos,2025-12-21 21:59:32
Sin t√≠tulo,"Pongo una estrella,porque no puedo poner cero.
Mucho ojo con amazon filtra numeros de tarjetas a terceros,posibles estafas",1,2025-12-16T18:20:55.000Z,JoseMa Ramon Poch,2025-12-21 21:59:32
Sin t√≠tulo,"Compr√© una luz de emergencia que no funciona. Hice la devoluci√≥n en un centro de recogida de Repsol y dicen no les ha llegado, que reclame en Repsol. Si sus centros de recogida no son fiables no es mi...Ver m√°s",1,2025-12-16T00:16:14.000Z,Dmtryck Again,2025-12-21 21:59:32
Sin t√≠tulo,"Despu√©s de esperar un tiempo por la compra de un producto, mi sorpresa es que Amazon con toda su cara dura, me dice que yo he cancelado el producto que he comprado sin explicaciones de nada de nada,y...Ver m√°s",1,2025-11-29T09:02:43.000Z,Consumer,2025-12-21 21:59:32
Sin t√≠tulo,"He comprado un horno Hisense en Diciembre del 2022, se aver√≠a en Septiembre del 2025, con lo que est√° en garant√≠a, Hisense me remite vale de abono del producto, pero Amazon no me canjea ni horno ni me...Ver m√°s",1,2025-11-27T11:33:06.000Z,Jos√© manuel Costa Iglesias,2025-12-21 21:59:32
Sin t√≠tulo,"Mucho cuidado con las devoluciones. Ya llevo dos paquetes que aparecen como ""no devueltos"" cuando en realidad ya los han recibido ellos y adem√°s el seguimiento indica ""entregado""en el centro de devol...Ver m√°s",1,2025-12-19T14:44:36.000Z,Grupo Trabajo,2025-12-21 21:59:32
Sin t√≠tulo,"Cada d√≠a peor. Antes eran los mejores casi en todo, atenci√≥n al cliente, rapidez, informaci√≥n, cumplidores, etc., etc. Hoy en d√≠a ya se han perdido casi todos estos valores que ten√≠an.",1,2025-12-15T02:32:59.000Z,Ald Natural,2025-12-21 21:59:32
Sin t√≠tulo,"No entregan pedidos en el d√≠a indicado, y te lo retrasan tres d√≠as diciendo que si no lo recibes puedes solicitar el reembolso. De risa te pones en contacto con el servicio de atenci√≥n al cliente y te...Ver m√°s",1,2025-12-03T20:26:46.000Z,Pablo Arias-Arg√ºello Pereira,2025-12-21 21:59:32
Sin t√≠tulo,La atenci√≥n al cliente de Amaz√≥n es horrorosa. Es imposible el contacto telef√≥nico y la IA funciona muy deficientemente. Llevo 3 d√≠as intentando reportar un problema y no he recibido ninguna respuesta...Ver m√°s,1,2025-12-15T22:49:08.000Z,Albert,2025-12-21 21:59:32
Sin t√≠tulo,"No √©s el primer productor que compro en Amazon, per√≤ s√≠ la primera vez que me realizan una entrega, sin llamar (seg√∫n ellos lo hicieron pero no hab√≠a nadie en casa -estaba mi hijo-), y resulta que l...Ver m√°s",1,2025-12-11T23:19:27.000Z,Sergi Canal√≠s Cobos,2025-12-21 21:59:32
Sin t√≠tulo,"Ya es la segunda vez que hago un pedido con ellos y me dice que lo entregan un d√≠a , pasa una semana y ese paquete sigue sin llegar. Me meto en seguimiento y es que no se sabe ni d√≥nde est√°. Son unos...Ver m√°s",1,2025-12-03T21:52:31.000Z,melodia arcos diaz,2025-12-21 21:59:32
Sin t√≠tulo,"Amazon se me ha quedado el dinero de un reembolso. Compr√© un art√≠culo por 46,63‚Ç¨, todos los d√≠as dicen que van hacer la devoluci√≥n y nunca lo hacen. Supuestamente por las incomodidades presentadas y e...Ver m√°s",1,2025-11-27T20:55:19.000Z,customer,2025-12-21 21:59:32
Sin t√≠tulo,"Compr√© un √°rbol de navidad a Amazon, repito yo compro a Amazon y pago a Amazon.
D√≠as despu√©s, se cambia de opini√≥n y se procede a devolver y me encuentro con la sorpresa que amazon me dice que en re...Ver m√°s",1,2025-12-01T19:23:27.000Z,TTN,2025-12-21 21:59:32
Sin t√≠tulo,"AMAZON cada vez peor, incumplen los plazos, las garant√≠as, te dejan paquetes en la entrada sin seguridad ninguna, el servicio de atenci√≥n al cliente no soluciona nada, cuando les da la gana el reembol...Ver m√°s",1,2025-12-02T09:27:11.000Z,ROCIO ALBERTI,2025-12-21 21:59:32
Sin t√≠tulo,"He devuelto un art√≠culo en Amazon, un detector de metales que funcionaba mal. Recogieron el art√≠culo a trav√©s de celeritas, de la cual tengo la justificaci√≥n. Tras pasar m√°s de 14 d√≠as sin obten...Ver m√°s",1,2025-11-30T08:19:58.000Z,Fernando Benjumea,2025-12-21 21:59:32
Sin t√≠tulo,"Hice un pedido el 15 de noviembre y fue cancelado al instante. Llam√© a atenci√≥n al cliente e inform√© sobre ello.
A√∫n as√≠ me enviaron el pedido. 
No he aceptado el paquete obviamente porque yo lo ha...Ver m√°s",1,2025-12-03T22:08:42.000Z,Loly Castillo,2025-12-21 21:59:32
Sin t√≠tulo,"Porque no me deja poner 0 estrellas, los dos √∫ltimos pedidos, uno de ellos me lo mandan usado y defectuoso, llam√© y me lo iban a recoger, de esto hace ya m√°s de una semana.
√öltima compra, pagas un p...Ver m√°s",1,2025-11-30T19:09:03.000Z,cesar gotor,2025-12-21 21:59:32
Sin t√≠tulo,"He comprado un producto con el Blackfraide el 01 de diciembre.
A√∫n no lo he recibido porque pasan por la empresa PAACK, que no entregan nunca los pedidos.
Dicen que se ha perdido,ü§£ü§£ü§£.
Al final...Ver m√°s",1,2025-12-12T14:33:37.000Z,Cararil Lion,2025-12-21 21:59:32
Sin t√≠tulo,Siempre estuve contento con la rapidez de entrega de Amazon pero ahora se les ha dado por implantar un sistema de solo entregar a una persona con la contrase√±a y a no poder cambiar la direcci√≥n de ent...Ver m√°s,2,2025-11-27T19:27:24.000Z,DOMINGO,2025-12-21 21:59:32
Sin t√≠tulo,"14 d√≠as esperando la devoluci√≥n del dinero. 14 d√≠as hace que devolv√≠ el producto. Unos cuantos chats, unos cuantos emails pero nada de nada.

260,33‚Ç¨ que me deben estos sinverg√ºenzas de Amazon. Y...Ver m√°s",1,2025-12-12T22:22:03.000Z,Javi,2025-12-21 21:59:32
Sin t√≠tulo,Desesperante. Llevo m√°s de un mes para una devoluci√≥n. Amazon ha bajado much√≠simo la calidad en TODO. Y ya ni hablemos de comprar algo que no vendan ni env√≠en ellos. El servicio de atenci√≥n al cliente...Ver m√°s,1,2025-12-18T19:54:18.000Z,David,2025-12-21 21:59:32
Sin t√≠tulo,no tiene atencion al cliente solo inteligencia artificial y deja los paque sin entregar en mano . avandonados a su suerte en la entrada de los pisos a merced de cualquiera,1,2025-12-04T00:44:23.000Z,Fernando Jimenez,2025-12-21 21:59:32
Sin t√≠tulo,Recibo un correo electr√≥nico en el que se me indica que me hacen una compensaci√≥n por las molestias ocasionadas en un env√≠o pero dicha compensaci√≥n no aparece en mi cuenta. Me pongo en contacto con at...Ver m√°s,1,2025-12-04T19:27:50.000Z,Pixi,2025-12-21 21:59:32
Sin t√≠tulo,"Las entregas est√°n funcionando muy mal desde hace un mes, pedidos no entregados o perdidos por los transportistas ( Seur)",1,2025-12-09T21:22:39.000Z,Baldo Cano,2025-12-21 21:59:32
Sin t√≠tulo,"He comprado un TV, frigor√≠fico, colch√≥n‚Ä¶ y m√°s cosas pero quer√≠a que me lo entregasen todo el mismo d√≠a aunque tuviese que esperar porque vivo a m√°s de 45km de donde es la entrega y no han cumplido, c...Ver m√°s",1,2025-12-01T20:49:35.000Z,User,2025-12-21 21:59:32
Sin t√≠tulo,"Cuando el vendedor es Amazon propiamente dicho, la entrega funciona bastante bien. 
Pero cuando el vendedor es una empresa externa, la entrega funciona bastante mal.",2,2025-12-09T23:54:29.000Z,Francisco Jos√© Rodr√≠guez,2025-12-21 21:59:32
Sin t√≠tulo,"Pongo una, porque no puedo poner 0. Ayer 12 horas un paquete en reparto, llamo y me dicen que acaban de hablar con el mensajero y que me lo entrega en un momento. A las 22:30, vuelvo a llamar y me dic...Ver m√°s",1,2025-12-05T14:08:07.000Z,Free,2025-12-21 21:59:32
Sin t√≠tulo,"Hola, muchos productos no dan la opci√≥n de recoger en punto de recogida, esto ha hecho que no haga muchas compras que de otro modo si hubiera hecho. Saludos",3,2025-12-08T14:16:41.000Z,Santiago L√≥pez Rodriguez,2025-12-21 21:59:32
Sin t√≠tulo,"Paquete en entrega desde el dia 1 , a saber que han enviado y donde, esta en reparto ya tres dias con direccion incorrecta, el vendedor ni se preocupa, amazon balones fuera, 10 dias del pedido y fina...Ver m√°s",1,2025-12-04T20:42:26.000Z,emilio,2025-12-21 21:59:32
Sin t√≠tulo,"Esto se ha vuelto un fiasco , pago todos los servicios de amazon y no he recibido ninguno de los productos que he comprado y algunos se los ha quedado el transportista lo colocan como entregado y te r...Ver m√°s",1,2025-12-16T11:42:07.000Z,gabriel godoy,2025-12-21 21:59:32
Sin t√≠tulo,"Amazon Prime y los paquetes tengo que buscarlos yo en el punto que ellos (Seur) ponen por no decir los reembolsos de 14 d√≠as que tengo ultimo desde d√≠a 3 y nada. Yo no le pagu√© en 14 d√≠as a ellos, par...Ver m√°s",1,2025-12-12T01:12:10.000Z,Manuel Ram√≠rez Madue√±o,2025-12-21 21:59:32
Sin t√≠tulo,ME PONGO EN CONTACTO CON EL SERVICIO DE ATENCION AL CLIENTE DE AMAZON PARA PREGUNTAR SOBRE UN PRODUCTO QUE VENDE BASTANTE MAS CARO QUE UN VENDEDOR EXTERNO Y ME DICEN QUE INTETARAN EN 48 HORAS AJUSTAR...Ver m√°s,1,2025-11-26T14:35:22.000Z,RAQUEL,2025-12-21 21:59:32
Sin t√≠tulo,"Mienten con la fecha de entrega. Compr√© un par de art√≠culos el 16/12 con fecha de entrega el 20/12, me indica que entregar√°n el 4 de Enero, he chateado con atenci√≥n al cliente 2 veces, el primero par...Ver m√°s",2,2025-12-18T19:53:53.000Z,Julio Calder√≥n,2025-12-21 21:59:32
Sin t√≠tulo,"Esta empresa facilita datos particulares como el DNI a las empresas de mensajer√≠a. 
Sorprendentemente, si la entrega es directa de ellos no lo piden.
Eso es una ilegalidad que habr√° que consultar a...Ver m√°s",1,2025-12-06T16:11:59.000Z,Emar mar,2025-12-21 21:59:32
Sin t√≠tulo,"realmente horrible para iniciar tu cuenta dios mio llevo 2 horas luchando con los correos que te mandan es imposible todo el rato verificaci√≥n tras verificaci√≥n 
y eso que era para entrar a linkedlin...Ver m√°s",1,2025-12-13T14:46:05.000Z,la posada de hogsmeade,2025-12-21 21:59:32
Sin t√≠tulo,"Parece mentira que trabajen con correo express, me dicen que no hab√≠a nadie en casa y no he salido en toda la ma√±ana. Pero que atajo mentirosos, que la gente sepa c√≥mo trabaja correo express.",1,2025-12-10T13:50:33.000Z,Carlos Rubio,2025-12-21 21:59:32
Sin t√≠tulo,"El otro d√≠a (10.12.25) compr√© dos camas en Amazon de la empresa Mattfy, y solo me trajeron una, dici√©ndome que con la otra hab√≠a surgido una incidencia y que por el momento ten√≠a que esperar hasta el...Ver m√°s",1,2025-12-20T01:18:20.000Z,Vicente,2025-12-21 21:59:32
Sin t√≠tulo,"Marcar un pedido como ‚Äúentregado‚Äù cuando no lo ha sido es una pr√°ctica vergonzosa y totalmente inaceptable. No estamos hablando de un retraso ni de un paquete perdido, sino de una mentira direct...Ver m√°s",1,2025-12-19T03:43:46.000Z,Faisal,2025-12-21 21:59:32
Lamentable,Texto no disponible,1,2025-12-12T22:22:03.000Z,Javi,2025-12-21 21:59:32
Amazon,Texto no disponible,5,2025-12-12T18:58:00.000Z,Lola Franco,2025-12-21 21:59:32
"P√©sima atenci√≥n, enga√±o",Texto no disponible,1,2025-12-12T15:05:04.000Z,Sof√≠a Fond√≥n,2025-12-21 21:59:32
No entregan los pedidos,Texto no disponible,1,2025-12-12T14:33:37.000Z,Cararil Lion,2025-12-21 21:59:32
Amazon Prime,Texto no disponible,1,2025-12-12T01:12:10.000Z,Manuel Ram√≠rez Madue√±o,2025-12-21 21:59:32
Conductores de Amazon,Texto no disponible,1,2025-12-12T00:08:21.000Z,Jonathan Ortega Villarreal,2025-12-21 21:59:32
Repartidor de Amazon lanza producto sin llamar a casa,Texto no disponible,1,2025-12-11T23:19:27.000Z,Sergi Canal√≠s Cobos,2025-12-21 21:59:32
Llevo a√±os con la compa√±ia y hace 5‚Ä¶,Texto no disponible,5,2025-12-11T22:00:39.000Z,Jorge,2025-12-21 21:59:32
Eficiencia y buena gesti√≥n,Texto no disponible,5,2025-12-11T14:16:22.000Z,Disalis,2025-12-21 21:59:32
Amazon discrimina y roba a las personas‚Ä¶,Texto no disponible,1,2025-12-11T04:46:10.000Z,Women's Sports Photography Jos,2025-12-21 21:59:32
Imposible contactar para un problema,Texto no disponible,1,2025-12-10T17:36:43.000Z,Inma Marin,2025-12-21 21:59:32
Parece mentira que trabajen con correo‚Ä¶,Texto no disponible,1,2025-12-10T13:50:33.000Z,Carlos Rubio,2025-12-21 21:59:32
No compr√©is en Amazon cuando el vendedor es una empresa externa a Amazon,Texto no disponible,2,2025-12-09T23:54:29.000Z,Francisco Jos√© Rodr√≠guez,2025-12-21 21:59:32
Las entregas est√°n funcionando muy mal‚Ä¶,Texto no disponible,1,2025-12-09T21:22:39.000Z,Baldo Cano,2025-12-21 21:59:32
Inaceptable,Texto no disponible,1,2025-12-09T16:35:13.000Z,David,2025-12-21 21:59:32
Me han cobrado por duplicado una compra‚Ä¶,Texto no disponible,1,2025-12-09T13:18:01.000Z,Teresa D√≠az,2025-12-21 21:59:32
Llevo a√±os usando Amazon y comparado‚Ä¶,Texto no disponible,5,2025-12-08T20:54:07.000Z,Juan Jesus Aguilera Aguilera,2025-12-21 21:59:32
Opci√≥n punto de recogida,Texto no disponible,3,2025-12-08T14:16:41.000Z,Santiago L√≥pez Rodriguez,2025-12-21 21:59:32
Les compre un radiador que me lleg√≥ en‚Ä¶,Texto no disponible,1,2025-12-07T15:32:14.000Z,Mariluz Aramburu,2025-12-21 21:59:32
Amazon me da el PEOR trato comercial que he recibido en toda mi vida,Texto no disponible,1,2025-12-07T15:16:12.000Z,Irene Gil,2025-12-21 21:59:32
